k,accuracy,correct,total,time_sec
5,0.7706849315068494,8439,10950,6.086591005325317
10,0.806027397260274,8826,10950,5.891199111938477
40,0.8476712328767123,9282,10950,6.061970949172974
